<?xml version="1.0" encoding="UTF-8"?>
<project-private xmlns="http://www.netbeans.org/ns/project-private/1">
    <editor-bookmarks xmlns="http://www.netbeans.org/ns/editor-bookmarks/2" lastBookmarkId="0"/>
    <open-files xmlns="http://www.netbeans.org/ns/projectui-open-files/2">
        <group>
            <file>file:/C:/Users/nacho/Desktop/Programacion/Herencia/G10EE1/src/Entidades/Barco.java</file>
            <file>file:/C:/Users/nacho/Desktop/Programacion/Herencia/G10EE1/src/Entidades/Alquiler.java</file>
            <file>file:/C:/Users/nacho/Desktop/Programacion/Herencia/G10EE1/src/Entidades/BarcoAMotor.java</file>
            <file>file:/C:/Users/nacho/Desktop/Programacion/Herencia/G10EE1/src/Service/AlquilerSv.java</file>
            <file>file:/C:/Users/nacho/Desktop/Programacion/Herencia/G10EE1/src/Service/BarcoSv.java</file>
            <file>file:/C:/Users/nacho/Desktop/Programacion/Herencia/G10EE1/src/Entidades/Yates.java</file>
            <file>file:/C:/Users/nacho/Desktop/Programacion/Herencia/G10EE1/src/Entidades/Velero.java</file>
        </group>
    </open-files>
</project-private>
